"USER", "FRIENDCOUNT"
IRI_2018 , 2
larrykim , 773606
albsantosdel , 171
manishdeora , 191
bobcatsss2019 , 384
TupleScript , 3
network25935525 , 5
nickishiring , 134
ikbear , 1289
8u1x0 , 27
fromADMwithlove , 580
saglikozhan , 432
keesone , 532
sahelno , 1
Wikicite , 1796
nwalpin , 0
machinelearnbot , 48715
Jim_Salmons , 591
Tswaynee , 188
rainroogle , 13
skhoboo , 164
jlkoepke , 879
softandfierce , 597
epicureansir , 15
ajioye , 1431
kkt_tweet , 31
Phonerium1 , 7
mcdonald , 2612
wospworkshop , 156
scientocracyio , 363
PageDashApp , 24
pluto_network , 478
mir_smi , 55
camsteiner , 374
Hussam_A_Hallak , 22
srbutner , 429
HarvLatinoAlum , 271
RebeccaCremona , 62
vikesh_koul , 524
TruthTRM , 39
brian3354 , 42
m_nsiddique , 27
kathi_gkr , 48
maheedhargunnam , 36
PlinioHVargas , 23
RyanOkta16 , 3
mart1nkle1n , 625
HarvardLIL , 1870
sdaitzman , 231
MiglenaMinkova , 151
ZachTanZM , 76
femalegazebot , 184
IgwehJonah , 173
jayjeystic , 1497
iamidakwo , 245
grateful_slave , 601
rkarasick , 156
lizalphilHR , 857
quaycee , 151
DamolaMore , 1149
AijazAh20128175 , 2
KRGilbertson , 961
aunty_ifeoma , 169313
OG__Pumpin , 50635
thepamilerin , 54418
EbenezarWikina , 4491
blossomozurumba , 45285
grantcatkins , 40
RyanDeschamps , 3570
jasminemulliken , 393
james3neal , 8965
aabibliographer , 1910
effodu , 4012
ystvns , 1043
Gram__Brad , 0
Sophiepinky22 , 31
ProudPakArmy , 79
Okereke_Lucky , 5
NiekoGloss , 23664
BabithaBokka , 2
aag1091 , 639
knowtheory , 4345
nanopub_org , 396
mceke88 , 35
muddyduddle , 6
joaileen_ , 381
erikaris , 105
dennisredeker , 217
AntonJRasmussen , 7
SohanKhattak , 54
jsayeidi123 , 4
jcdl2017 , 237
cipherbook , 22
documentnow , 1814
ProactiveProf , 1125
JaveriaKiran2 , 19
clancynewyork , 1924
captain_maybe , 2134
Vendett26972328 , 13
akkshirsagar , 6
ChrisAldrich , 2074
oducs , 202
jalbertbowdenii , 2040
PositiveID_Corp , 2104
archiveis , 1865
permacc , 492
fizza_hassan , 42
KhTalha6 , 15
MySoulisFat , 323
khanashfaque2 , 124
ahidamzair , 7018
atomotic , 939
lkcalloway , 1331
meangrape , 5245
localmem , 36
kevinphys , 56
Mementoweb , 55
scientiffic , 1227
mzagaja , 759
WhatBrett , 1096
walkeroh , 741
dpjones1983 , 101
jesseajohnston , 1428
SocScholarCR , 777
diuhtez , 208
chrisfreeland , 1527
J_IreneTieman , 305
moduloone , 530
helgeho , 84
webrecorder_io , 1323
BergisJules , 2634
mdzellerCDAL , 57
williamjturkel , 3664
weiglemc , 283
hvdsomp , 1848
emilymaemura , 138
docmattweber , 1072
DanKerchner , 288
Moha_Magdy , 756
todrobbins , 2162
jessogden , 2142
edsu , 5253
ncasemajor , 370
johnaberlin , 101
Mohamma47262302 , 13
anneliv , 225
ssfrug , 142
WessamElhefnawy , 112
doviethung , 19
thenetmonitor , 2462
muira_mccammon , 941
e_mccain , 552
zittrain , 42862
abziegler , 1555
this_phillips , 247
elithemutt , 229
DanMilanko , 9
CorrenMcCoy , 34
6T7VXu11XcTiAbd , 11
nofearcoca972 , 268
nichworby , 21
smythbound , 179
moffattchristie , 54
srocheleau , 333
kelseyutne , 449
f_nanni , 430
ruebot , 1771
AllisonHegel , 197
pj_webster , 2854
nullhandle , 1120
bertramlyons , 1534
KatherineRCook , 1542
jeremyw , 282
IuliaCristina12 , 113
AndreeaCorinaM2 , 314
majetisiri , 37
babafree2223 , 46
SaligariTwitte , 10
ianmilligan1 , 4440
phonedude_mln , 773
riyadgraphic , 17
kaylamarie0110 , 21
janesodea , 3
shawnmjones , 291
kingswebit , 138
Galsondor , 151
LOttobre , 24
robina_naazli , 723
justinfbrunelle , 263
ibnesayeed , 600
abenbot , 44
aheshamSalem , 260
LulwahMA , 54
yasmina_anwar , 479
maturban1 , 110
WebSciDL , 330
